Vendor,Program Name,Subject Area,Final Rating,Rubric,Price List,Publisher Response
"Alpha Plus Systems, Inc.","Alpha Plus (K, 1, 2)",PK - 2 Mathematics,Not Representing Quality,2023_PK-2 Math_Alpha Plus.pdf (https://v5.airtableusercontent.com/v3/u/31/31/1722103200000/viWdOZy4z59XrAxwC9kIFQ/QTJtU-xWF6bgGMmUhoSFebNtVmrzVM4TIcLUZ3sVAaawR9HB-WFULCieA9DPfq3blFyAmt8f584IKvsrnf98SZhMY0QRLO_cyHs77GU4Bwd6EZZ2Q2jj1wkICJE9EJY1fDwG3Yq4WBfNZXL9_0b_m3w7oa6iBygFUR4s0HEgwwM/qcbvcoRHWeX00f_f77UcFRXM1xmlphgWHsT-BGRcA_g),,MathReview_AlphaPlusResponse121923.pdf (https://v5.airtableusercontent.com/v3/u/31/31/1722103200000/OejLFzRWlcoT50OP1qobEQ/6ESJPTqtKK8KyzVvWghCKP4ngme0wCbMlapxlp8opMqt8qQhVLLaDCcH19v-hy5s--xbuxotkfHASEp6kJdGgWHrWuMsmtghquRGpI-govo4fQQ206DlF1TmXa83wRVf2HAvDAp1-n5a9BwlaVPlPybWp63OqyqP56csACCDY7X5tqimYuDt-HXO36YTzgB9/fVnBqtPIySPHt32IChTxkDYny88h-D0f8YLyNbga4Os)
"Alpha Plus Systems, Inc.","Alpha Plus (3, 4, 5)",3 - 5 Mathematics,Not Representing Quality,2023 3-5 Math_AlphaPlus.pdf (https://v5.airtableusercontent.com/v3/u/31/31/1722103200000/a2DNRgAaKCLEKm5PRGx4_Q/Psiy2aJhQpeJHn1rqxOAyTHulZZBAHNpZNwbRuAhNuCsFxaKEsu6EjuzLHsDCXsB9XdmItGc4NLmv2KpLr0c18GO5LufiekmlYaRwMok0BaO8YISsASN1ro9tcthFc59dQvYzhReQNGzfjU_tBSFZLLO96MjnmVoVzgug3ld5aM/2IKqZLqNW8YDhvNSt-A_xisThcBNp2pbp1-8n-MxGNw),,MathReview_AlphaPlusResponse121923.pdf (https://v5.airtableusercontent.com/v3/u/31/31/1722103200000/9tVjS-pJ3YLU46nk67qnIQ/GexOVd7rGKLaxDac1z1yyCP432h-8pwGf5NrWowaV8ipewL3ct_rHNDFVI5uK8Yxk6frFrRY8cjW_KNrMCrVIGgbBgiFJwQPYtC1wgKG0nk1hgXOvUaN1NOPgByLQ7nJEttadTeZ5dvJM-KG8i4_Mfo1CcGdLID8a6RuQmHMVUR4UfB_ktGBOjYJtGWNICw2/q3y29hloQQhgzOcupVkNec8UBP8V_KcVomTOtt7hLn4)
"Alpha Plus Systems, Inc.","Alpha Plus (6, 7, 8)",6 - 8 Mathematics,Not Representing Quality,2023 6-12 Math_MS_Alpha Plus.pdf (https://v5.airtableusercontent.com/v3/u/31/31/1722103200000/4rWNoI9rNXmYQy0HeGh_6w/GnzBH2yC4mD4d-QmWzWDe-3impTEMv2GTx2BePrfzoc1ImifEoAGG_51dhBROVXOsCJghuPfY5_pD-DtyOoeXzgqryMErKdTVbgy9Ex2V9KhxNnfuXLn6DDH_xVQVNF8ZOSBVQELE3uELfZdu2RMSyGAwLzh6YY-m7xBasu4Udw/-dxF2O3QnRQ-MFBsy-KTcIqyiui_zxLS60fN1xA2zgU),,MathReview_AlphaPlusResponse121923.pdf (https://v5.airtableusercontent.com/v3/u/31/31/1722103200000/SHwiGi0PWmcNSxNsXgM4eg/eYamojrh1IsHdPYgqiCqZUpyORGl8VoULE4EaO8V5qnA9WHDdH3Q1Tdbxlwv0d-6604xhzB12JczJuT7q-bg2DuN6ofZjgDsrKZdET8J5XAT3Lmi9m8cQB27QdRuW8w8PMYsl05y9BoZ6D5VCiPPAGSo09lqXy_4PIuPgHveb3p7JxkoY4UTASgYGm1kYfZf/TRtHFYuTVRNwoV8QRhpsRnAK7UPDPXrHqqkVFldIcRA)
"Bedford, Freeman, & Worth (BFW)",BFW (Calculus),HS Calculus,Approaching Quality,2023 6-12 Math_Calculus BFW.pdf (https://v5.airtableusercontent.com/v3/u/31/31/1722103200000/qxpJM-GC_bBEe0uPBfwnOA/2ML2NR03dTSXbw6Tjxte9ok-NTxTiHVPhfvQBasBZwjsJV5IuRYGX170LCTwBZIlX5czmdJxticZ4Io53tZ2yHnJKnLWJ89RmElGrTiGUVBD3QWn0Ob4H7evrdZlCilwGkgVjypvpq51rUIq3oIggSmxgCfrAuUo-xdTfFn_n-c/VedsIbttA8q6jDv_GW4Q9u0snUVxk9PosLOd6ztbSoY),Bedford_Freeman_Worth_Math9_12_EndJune 30_2030.xlsx (https://v5.airtableusercontent.com/v3/u/31/31/1722103200000/JM4UwlcPk5oEWhXAQgQYkA/8vBXK1aDwoc6sxbDLwzaApuuIqFfaI0OvDupWWW_nHto7UclLLXilKSEXgAiKnsdXali1mlxwy1Z5NdXnHcafWVEPDeklN62rl40xlec9OiRsMAmP5TDW_dmHitwX2ZUhawFl4xymOnK8GJnwbJK5LA3veCeR77C9zxSS0kITi8Bt3U3HV1fpkSn6nWRo6vF/zz6MN5zB1I_IdY5XjFFXqOU3hM_95sThAr4G_-OG0Oo),
"Bedford, Freeman, & Worth (BFW)","BFW (Stats, Stat&Prob)",HS Statistics,Exemplifies Quality,2023 6-12 Math_Statistics BFW.pdf (https://v5.airtableusercontent.com/v3/u/31/31/1722103200000/WwquseMZ6P7gmv0IyzDojA/13Qo6WW49_QRUG8nDmMZVNelVgMOC5OgS3XbE_2_kRswzKYKlNPkAY0o0HCCUDGKmbuqCaaBxtC_VEBs6IoFfSa2na313N9T9WBSyK1Zj3p8rB8watRuWJ2194eJWHRF_N63GzVSCfzTkLCj_oj43A4F6cgQqjPUK7RNcU_oXFA/-abnHsgJVSLP3oWxy6XFB9m6Zn6Lq0qoKvo7FmiqYWo),Bedford_Freeman_Worth_Math9_12_EndJune 30_2030.xlsx (https://v5.airtableusercontent.com/v3/u/31/31/1722103200000/AFYZQw8hb8DsfTuxRLTW5A/bq-GVT65zWjMTBwRWHVhPdCM6An9OOAsjRnD8t9ttVnghxjMLAYGrl9p1M7sk9C18veNvDxmIJGX-HHMdmYMiSFaTBpA5Rdj0dppCr9oWm8LbOdFjPnk9q7A7kVITgJ_Y7_Fq9ZdSBYShg0tsf-9VdNnKC2ibBjkprcPX44G8qAHDuDXLUFfItSvf03JVEFC/qWJlxd1twmUo87e7W3hwrBvnE9riNNmdyY7qTcogyeg),
"Big Ideas Learning, LLC","Big Ideas (K, 1, 2)",PK - 2 Mathematics,Exemplifies Quality,2023_PK-2 Math_Big Ideas.pdf (https://v5.airtableusercontent.com/v3/u/31/31/1722103200000/IAPSef7rHACxIlR-RL4hqA/rn62mfChrqDrQE09uUNCnGRHUwEryO3x99JeMdY_q42DnOdwOo0TBjYN4pQMrDPNIFoQv0_H9IRCRRHqeFzxB1VadXjRAiBBfRwVVxIIUSz4NjuZkwc9jDCT4yKev5FL2NLt_uopD-sz1t7rIZHfShTe_3e4H_sxmHN-pRiF4OE/Avx4YkD8YOXxvV5N3mXih_H_iogyh-qPd36p9g0rmZ8),BIG IDEAS LEARNING APPENDIX PK-12 Mathematics.xlsx (https://v5.airtableusercontent.com/v3/u/31/31/1722103200000/ve8pqu8ZCLVRokdKlAw2GQ/iwA0avEZ_O3DWH3q-Y0shAfyFVkC4SOlaMcEe8AV_MHxYMncbbF-IJTfkJ2ebvfVNGXu32SN3QUI_puuYxxHcPVHg_aP5C9ldF_qJoHdwQXO1L_k0BrCD5E0cjcsvJVNzkK4U7x5VKei5PtEwK3BkgdA9_FwnZBDsbc6Iz5z9zvy2Kf0XwB-9ruONicltpP0/Lx6S2EyTWjRqRdiG2UQGfHuYrU4t743uMcUxHWs3-KE),
"Big Ideas Learning, LLC","Big Ideas (3, 4, 5)",3 - 5 Mathematics,Exemplifies Quality,2023 3-5 Math_Big Ideas.pdf (https://v5.airtableusercontent.com/v3/u/31/31/1722103200000/zS35UpZOrCV4tj5qqfSQ0A/9z1B7n0TvAMuV9xaAZ1L7rjlVBOQqMNRj5qLmY9ebCjjbwclmB0EaxPcKnz7K4FKnKZGxxd3tl1Q0aaiE6vt5E6y-CYf-27baDp6Lw3HCPx0AU8MBJ6yW3DOGZHz5pvo5dCbKQdafrpdjYskxiliJ1TQnlmB37IvnwdokXJC25s/foacBofCSIlBTGgW-Me9MmdATMQIfjYwMO8nbgYsijI),BIG IDEAS LEARNING APPENDIX PK-12 Mathematics.xlsx (https://v5.airtableusercontent.com/v3/u/31/31/1722103200000/EnmDadbfFupYZx1u_WrY0Q/Blu02d0yjHQ41ghrQBPeNph16hORzniv7fQ_vL9z7Yr_564m_aiuAjLwoX5iHpyKlghDBmSV4JJRzec8wBM-hKVo-to8PbB5iDmymVOoSnYBYbhrxARtt3UzKAMuDZ4ZnLNdAPY0vyjSZj1rwVKLnIQ_iRYA8EbG-ugOQBstDqrKDgnOCwXd9G-aqg0IYtnk/m7EbFwq0Br-RuQY5VeySUMIQV9FfpyUZV2wr2EiCD-8),
"Big Ideas Learning, LLC","Big Ideas (6, 7, 8)",6 - 8 Mathematics,Exemplifies Quality,2023 6-12 Math_MS Big Ideas.pdf (https://v5.airtableusercontent.com/v3/u/31/31/1722103200000/Ht5FnvnAThVK46AicJ1Z_w/n1VGj009dbplNznEUyjF0S8hm0ULTpSM5oufQRvhEZWmaZwzwWuTuAs2SK6Eufei74EVzUyafSeui4UZ1ZdGa6gbzDVd4jZ4_0PRyVbB3OQv1B52zxgoCo9Ywa1Ju7VgEeRu_pZW3DliP9_T-ZORCCdwvB-uIjnOSyTEAHfZf8E/Pn8YxhHMitJUkrzPw33QdCv-RkEG73TGrfuKI4wKO4U),BIG IDEAS LEARNING APPENDIX PK-12 Mathematics.xlsx (https://v5.airtableusercontent.com/v3/u/31/31/1722103200000/5H7uPUy3o1kI2LDmPJAPYw/sBM6LFi_1flmcyRljPAgp8fxnyCUQmVfP6kS_m9W58PT1zOTsQRRHgZ26mOdFHlMpzaUJkmPR__5NHcQAoXk1pimVL5Ptbq1oKEmVkLhWAvXZpZG7JyXfh22gfrmSGfDOdu2G16jCAdS10tNCzdloXkfOSNLEV-nizuwe_6s0Tyedjnbbe8XW8fDeoF-KO7U/O8bsZJsNL4x2arsszMm4Binln7GlKu4HyUyeZmWkQZU),
"Big Ideas Learning, LLC","Big Ideas (Alg1, Geom, Alg2)",HS Algebra/Geometry,Exemplifies Quality,2023 6-12 Math_AGA Big Ideas.pdf (https://v5.airtableusercontent.com/v3/u/31/31/1722103200000/R27VA2Hxg3xMslfPgESAwA/q0MEOyRtkB86_aK6-CdPh1O-WkG_aVXOJIwzm5lc9gI2xR-_efB_WBg8pcKuozpvETLCM_fHI5g8v_z2exdk2gC2OQwsO-1-tV-NhXOoXc0Qd8Cdvx69rHERhb-mxb4eb_IW9iDs6LQ6oxEAc9HJn5cYHeN6_BapR2mBRRZBY_s/RVG_1ssxMwC8fudghs6nOADYF8-zcH2XK3lHpzIgCBw),BIG IDEAS LEARNING APPENDIX PK-12 Mathematics.xlsx (https://v5.airtableusercontent.com/v3/u/31/31/1722103200000/70nc9ouo2vKNR1l556kPog/8Icel0iMr5QdGTcR48topBbZ4_TYo1dFZwLXoYJZBmyqFw5Wr-ZBsKo1t-MZnuClqtQow-v7AZcHC33C9owArCzt6HqHVeBjE03wFug9HQlQMdOhDlcqutj8jAtAbH0CzYKm4uqJTT-LK3n9rNUDSmdUxVJBvfcW0gKThjPZRyRLoXWWIy8oFTpiEVDnqlNv/vo2ltu5Y0gAVQMEQNgiRuOJq3dOAE4E9lekGxb8fsQ8),
Cengage,Cengage (Fin Alg),HS Algebra/Geometry,Exemplifies Quality,2023 6-12 Math_AGA Cengage.pdf (https://v5.airtableusercontent.com/v3/u/31/31/1722103200000/249AUgnp0lwBfzTM6tiQ-g/ZfUFdG9N4OdnHkh5iDs34P0gKXzJEj4lc5Y4bQoy_3PMntLnJ8PHVZZvXD2hodAQs8FIZjeneq5jovxWDBot_0hVTLaTs_qtxIlEyV8SWAVza1PmeOJ9wnjNAnDxGYRVL6o_wd2zvJwDLOM_MSLJP6zf1h83FYkwPn0bDC33qkU/HBga3O-7MAdQoE0hFVq30-LyOGC9cjrsM7VqTitZIIM),Cengage Appendix for PK-12 Mathematics.xlsx (https://v5.airtableusercontent.com/v3/u/31/31/1722103200000/YWW0lXkoip4xLklHpoiSJA/pfRg9NSWuePgeI4aV9sw9G8xpNcPyxJbZ2hgMhw-E6_bbPNVvG9cnDm9pRuHBQU6_Fxeq43Nb6ktnFcbAoTEESyIcLBgTeaK4JA_P7LmnefJbl2GbNaGmG5R7Cm1mFadG51XnjMhz60d3TYgczcGTmN5C62zfp0qiuGLh4e4wEcTF0K6BRpfd82um06y4-_K/uhCyQcDgz3G0qr_Bg5cSoiMoYE8ou5nm3k42KjHC49Y),
Cengage,"Cengage (Pre8E, Pre5E, AP2E, AP1E, Single12E, Calc AB)",HS Calculus,Exemplifies Quality,2023 6-12 Math_Calculus Cengage.pdf (https://v5.airtableusercontent.com/v3/u/31/31/1722103200000/x0BPgghF5boiRLtXt4V8zg/zf9K09rQUWYAIt6hxIzZVTUTsZVJR-UXS1GK64uzhqIxmtb9jcZmqRug1lBYCaDizHK-9sVqxZTBQCByA_auqWKs5ThHcG08NCYVzPpM2ENl9_ma_o06uwYSW0yxuezCggwdP0BsTLABW-dtieuwVDthbstvznltEYdmvTIvu1w/ct2qbLoYdJs-bPIMFeLnF6FV8HDmeu_AgDmflGEb-Is),Cengage Appendix for PK-12 Mathematics.xlsx (https://v5.airtableusercontent.com/v3/u/31/31/1722103200000/p97ZhzntYvSJG1-hN_qJ_g/V-mbU8JLLPfTjOFZ49w_2ECRo1wskROPAIluc1dcJ0sDYGCAI5Uz046kst039V_ECcz7Z5PhXmJh_PkopI5r6aPs1qCIbHb6W807o0PnTfOJigoaAWW3yqPVnCx4UOFEACCw0_ycqYwTt2YI7JxhZ4i9cDc-p_HBxTwzJgbMUIDKSlKF8DiYgxYbqThPz-aH/yuYl2bGdsLHI9aQGmByvmtakSXGOiAZGMjjVkkiTTGM),
Cengage,"Cengage (Stats 2E, UnderBasic 9E)",HS Statistics,Not Representing Quality,2023 6-12 Math_Statistics Cengage.pdf (https://v5.airtableusercontent.com/v3/u/31/31/1722103200000/2ZWRYHS_QFXVcHpcL0p-OA/U6l-Zm04ge_tsaJT_UwqvU2CTKZaT_i9vx57Dx4kEG1IjPJn9FChNTWRwDuPhoYhAtLDPgeFJ4_UQdh7ij4mEQedp-85xki_XWgsbDE0YOWOYyFcwOLo_obYmrV2TSXXt8QxwFL0PS0DCGGS9B4I7_raavexz6OJh08xG2e7Ch4/8Ldf3pcTz6mrUX0UIcfmD85QRcJ30nTdDiftWJloCr4),,
Cengage,"Cengage (Alg&Trig, Trig)",HS Trigonometry,Approaching Quality,2023 6-12 Math_Trig_Cengage.pdf (https://v5.airtableusercontent.com/v3/u/31/31/1722103200000/fQlLGRWVLmTVn3UkNVC9Eg/ASoxr5yGDT5HyCCRcf6RijzG9nrqJiReFLGzhe9R6MGBaLvt1C6k1PdI0ETnI7w7DEnMHDPu3VxsKtuZWFqMemDTT6z5vW6yoeghmdDgfK6xAHxIbL_HFXMICHdY1EFI7G0-1g2IblvVENLF1TJ-7RKLhBOsffvQsok4JZzAW-o/_t4aTHvqDkF_eTeiG58s_yaSqZVDGA0sNHwGNpaYXGE),Cengage Appendix for PK-12 Mathematics.xlsx (https://v5.airtableusercontent.com/v3/u/31/31/1722103200000/BrzS-hUIR9f9BaxldIiX8A/HBGtjbjC9XQirVtD5gR8hbHKy80k0z4d9wdIZcGIeak8zkZrjaLtbUBMMOZ921ji-bmWXo6uA-ie2kEVIkqbz-xph4tqxhP11yZb0hwK66ZJDBIapMujjyDS9wRPNCyFSxOI9g6-BTpgqRL-9IbEIWEAK-QTXdFql989PHByXAQh34VXCkg0DpyLWxbHWv01/By3Okm5bhW647az4aWNaInxwlvp2gEfDmqGD0lP87QM),
Curriculum Associates,"Curriculum Associates (K, 1, 2)",PK-2 ELA,Not Representing Quality,2023_PK-2Math_CurriculumAssoc.pdf (https://v5.airtableusercontent.com/v3/u/31/31/1722103200000/2ZmGkmaeQoOV0Rlbziq8vQ/YFyABzSmFamQLxfM9k6wYMAqQVl13Tal6z8rMMfYX2-cmQUSMAPXNVskQecUuPqMfOoEC5flvIgyn6HPGgzM4gy75XHJYgHJpgGT5NvyEYltfjLBLsZ9Rgi9NhFME3iarSg3BzxBC0Vn6G9DYbjcS_nOUKgJG-rB37N3Fl7979o/dvFfoXCqYu5zDJRLp9A7n1Dnki6ZVXn7hLialaeSBks),,
Curriculum Associates,"Curriculum Associates (3, 4, 5)",3 - 5 Mathematics,Not Representing Quality,2023 3-5 Math_CurriculumAssoc.pdf (https://v5.airtableusercontent.com/v3/u/31/31/1722103200000/xb24SVaXtCy5CKwCHCngrA/-6GlZtyGjTNMbhrPOBF7bLPEbKLbsTDJp-VZd2YUTvglYcs8LVGakJTIZjV_RKjAjWAW1lWFFlgzybvlbqqEGDRnmfHd7V-maAbTffPauh5RcjUBtonvPBKiygJcKFMMKUbkQPPlZPctXhW0nR8qf8WDugWMS4EAFpMliOXjJxQ/mNyvQqEGNptYW9EHeBQjXfMD59Md0SyrE1_TrPLS5Zk),,
Curriculum Associates,"Curriculum Associates (6, 7, 8)",6 - 8 Mathematics,Exemplifies Quality,2023 6-12 Math-MS CurrAssoc.pdf (https://v5.airtableusercontent.com/v3/u/31/31/1722103200000/LV6PZVB8--yw_JDXU7v4LA/mDXjC4QdmsHw3Acrdm1tDxhKXi_7kdstEmw6TLXOWVc0HqRgd6kKZY-x8YrJJHR-BTNh2lbkcGLpDB025tIXlU1NS3gDo5CT_S4GMgji7YVwp_pAatMyWvTebjbQ2662pdGCtXeG4z5ar69L4mLD70cIyyGTop8O4LfaZsxxm_k/dhXabakOKDclf1jA8OPBnsLXjOG5hx4OY7xOeTMvreY),CurriculumAssoc_6_8_End_June30_2030.xlsx (https://v5.airtableusercontent.com/v3/u/31/31/1722103200000/avKh3D816Ez4fCulpogm1w/kek6DArDcWC7eHT5Am8Q-u7rnwAnuP3ViG1_y8Hm4icKnmt09LbT7nNUMJmcRSyeDNeTdKpo0G5il_8n2d0xgUU8fbvZPmUVd_OTLwwBhQeaGgJ0NtoBcDSFrWAQscz5XYs14raUCyuxM3GxpYxYYSTB1HM9ZYkldqMj_TVmfr7TqJ8Ygn0zxmKTPUgfCPlv/reM4y6Hsq3c-8TLKgK5XgDUmljcfq9brm_qL2Z-v1gM),
"McGraw Hill, LLC","McGraw Hill (K, 1, 2)",PK - 2 Mathematics,Exemplifies Quality,2023_PK-2 Math_McGraw Hill.pdf (https://v5.airtableusercontent.com/v3/u/31/31/1722103200000/Dt5Ey5fCDXUbEeVBpQ1lGQ/M7b4_T_J7H6Or8eGrcKuWNYABYmnm1RyeBE7QdjpJQYfoBmiXt8zjjkAK2Bvx4XCAP644tps2kehjpp-bVcbe9fBO8mgYKmWWB6zAZjFQlm90W1kTxXev3j3GfxsoozD1G13vth1FkjEWzCKdMpotsrQm5G2l_uPJyhOtluvRRA/XVxGo5K5H1MPJuK7CBWL4osQZdkIQDqUIEtKaJU5jnM),McGraw Hill_Math_6_12_End6_6_30_2030.xlsx (https://v5.airtableusercontent.com/v3/u/31/31/1722103200000/9phDb6pPlx0EkJSnF08wVw/duKtbUEre3LNcmVrIJgcawnDzrW8uAMj7SydYoQmIX61fBMSVEQMR1wdc3VycKPHJd5r7blq6ZRmgSn8g3PScY-Ce6ZRmz1fpJb42pcf9mvTR7z3HRXer0k1GSuMqfuHb35mgaAkYDmwo0e6IWECkLPkgnX4nMmE4D5zSKAfdk2l1bianxgweFwj0pHykBuB/14DxheI35Us7WmZhDYaIYrwm8NcKu4wMxOnp6gHELDE),
"McGraw Hill, LLC","McGraw Hill (3, 4, 5)",3 - 5 Mathematics,Exemplifies Quality,2023 3-5 Math_McGraw Hill.pdf (https://v5.airtableusercontent.com/v3/u/31/31/1722103200000/-CFxbF9dBvvUm7Ji5SLjRg/Tf8KFX1CE8FFepFjEqOX9EdSB6DAewLUn7aya-VjnH9-54CQzSqlgO77oq1I9djkoeQr6YDEWtl1B5_C8yBJw7GZR8Ip1VGwJqy_102ul5DYX_E7fkAlNyL06A5tB0PZ1ruySnA4qccrzarumEVVDeQMd6ucz0bEb6DFpLYkJgM/OCkVla9E6DjuVTeFDBl6TdUir97KNRDVeUHTU71qEyQ),McGraw Hill_Math_6_12_End6_6_30_2030.xlsx (https://v5.airtableusercontent.com/v3/u/31/31/1722103200000/9phDb6pPlx0EkJSnF08wVw/duKtbUEre3LNcmVrIJgcawnDzrW8uAMj7SydYoQmIX61fBMSVEQMR1wdc3VycKPHJd5r7blq6ZRmgSn8g3PScY-Ce6ZRmz1fpJb42pcf9mvTR7z3HRXer0k1GSuMqfuHb35mgaAkYDmwo0e6IWECkLPkgnX4nMmE4D5zSKAfdk2l1bianxgweFwj0pHykBuB/14DxheI35Us7WmZhDYaIYrwm8NcKu4wMxOnp6gHELDE),
"McGraw Hill, LLC","McGraw Hill (Math Reveal: Course 1, Course 2, Pre-Alg)",6 - 8 Mathematics,Exemplifies Quality,2023 6-12 Math_MS McGraw Hill.pdf (https://v5.airtableusercontent.com/v3/u/31/31/1722103200000/rFbYszzRiX4f9CW8pkEKnw/6qAPy8SGWZbBfGwGRZHB3YUcjGFlWknt0KsMWp_zP_FznGVJctHkIfMZsOXKQyLwGHhYOmZBL8VGUy2u0c0Axs9WBmywMvye2EUTsl1xmVgO2IX4rGVlItONWjIDjwrJSO99cCYwJVR6UQTzdpwqD0nAI9edrr1TzF3PiZX_K4k/uudYr9k9GklVZ1DB8Le9oCu_WJlc6XMSjXrgXswsom0),McGraw Hill_Math_6_12_End6_6_30_2030.xlsx (https://v5.airtableusercontent.com/v3/u/31/31/1722103200000/9phDb6pPlx0EkJSnF08wVw/duKtbUEre3LNcmVrIJgcawnDzrW8uAMj7SydYoQmIX61fBMSVEQMR1wdc3VycKPHJd5r7blq6ZRmgSn8g3PScY-Ce6ZRmz1fpJb42pcf9mvTR7z3HRXer0k1GSuMqfuHb35mgaAkYDmwo0e6IWECkLPkgnX4nMmE4D5zSKAfdk2l1bianxgweFwj0pHykBuB/14DxheI35Us7WmZhDYaIYrwm8NcKu4wMxOnp6gHELDE),
"McGraw Hill, LLC","McGraw Hill (Alg1, Geom, Alg2)",HS Algebra/Geometry,Exemplifies Quality,2023 6-12 Math_AGA McGraw Hill.pdf (https://v5.airtableusercontent.com/v3/u/31/31/1722103200000/-xae9HPjaOnzJY3M_1twMQ/wD1cZcQ3Ig6UzkXQ2J6GLY1J7nKAqVeaUr-jtwTl7l47sztR1dnDIxChfGrxzOZNgVfPXJ-LTtiMKyOU66j6TmmGJZjpPF6yWy1a8k9ILCflhH_6HDUalVaBUavpQfMxT4NDfIOrbTgl-Ly6VM6QwrcQ0rytt0XLuT0joUyxq2g/HZVrBlvsJvwpnDVTdZ3tVbkQNJ2Pw21M6dZyCIqzqZA),McGraw Hill_Math_6_12_End6_6_30_2030.xlsx (https://v5.airtableusercontent.com/v3/u/31/31/1722103200000/H-rQ5hhEG6u2W0vYYfzbPA/kf84tB41koaJA1yBtjJ__tigpAetJnFwozWkm63BGd201VwXJ326_hqzgli3qkyby0HYsCrvME9raXS4MyTZIBD_9-kw0mPHZTZseZ0Shxo-OtBsTzCcxUN8Zm-ee4ccG1smRxcLMi7RmM-PQ-yjxgxoUhOr0iCCddeI72azwkE54aCl1XLUjF7ryGHuNk0H/vvRF9kF4ajtgZ-A0Ns9ve1gA-8RlfpuffAtq7anwBec),
"McGraw Hill, LLC",McGraw Hill (PreCalculus),HS Calculus,Not Representing Quality,2023 6-12 Math_Calculus McGraw Hill.pdf (https://v5.airtableusercontent.com/v3/u/31/31/1722103200000/Q5EujeXhE7A--qFsAscpGA/x3nTEF74UjfzWCJBiBh9ligU8KreLSkxBKS9TseDJzV_SRKYw1NmpQ8J6jjaUAq4gmBG2ZJviRLNxwUgysOFa_wyMVDz3YAgybo3BuENilVzhipR-hN2EEkV1Q1w36EkMh-0rd045Os_GwEFH08SfOGWW-NJHu_uUqOVqKJHBd8/Y9mmN3c5EI4nFaF8Xxt8YNRq3iLXpSK7Y9a98c1UMGY),,
"McGraw Hill, LLC",McGraw Hill (Elem Stats),HS Statistics,Not Representing Quality,2023 6-12 Math_Statistics McGraw Hill.pdf (https://v5.airtableusercontent.com/v3/u/31/31/1722103200000/e92ugcC8HW__3RXVUKvEzg/_e5MmKqln6-y9XJZUB484grJSwc5CrT8clj4Cby5aylpQUNum1Mb8DLceruIXAsx8dqVtpXNabQJcXwb7IfRUaJ_BV5FF_wd209tky9oXhQj087i6z2OcTB2jilIMUbAohYFVdrB8A0Kbz7fYFl3MxDP_zicN_ia3zkxuJEYU0Yr3h_Jb0Pw3zxqw2vc0zkp/fIBjNBk1K8W5AfpeCoI9NAmMyzjWnQAfeTREGkKVlmc),,
Open Up Resources,"Open Up (K, 1, 2)",PK - 2 Mathematics,Not Representing Quality,2023_PK-2 Math_OpenUp.pdf (https://v5.airtableusercontent.com/v3/u/31/31/1722103200000/s_VTubOPasS06c9U5jMWZQ/DIKC6Ojym4J-CxCHLfv3m4V3-uR78cC1DtA9jWBjbLEdIpaEterOOIAcrufQo-LCvCPzqhlcE4K-_gpRZz1HZhNRLGKuAjkdQeFWqT7v-vH2lW8HUTCUBgLiBVw0kjjNBlvNO732yDvP_EjVtaAREizB7SZwGNjNsHyhAN7egrg/zm55kDuIW5aFZV1I1_2SvazjbVSPZc_4B93zoKgi18g),,Open Up Resources K-5 Math Publisher Background.pdf (https://v5.airtableusercontent.com/v3/u/31/31/1722103200000/uGWhbR9WaaiejWrlr759qw/2Qmd-5avk88ekb1hBh-tOAyTg40xZpy71LXjUkhNup6lrWOAldxuSZx-PooJK96rg2XUwBop0q88LXQd2DcCOzMvNeUoJIw6Wv6WE8s8Ter-AUXov5-26aRoFNTc5B8goHmxtYRtohr9rIFGitCnR8SYFG154dChFoLMm7txl-DFienDxuPKbNWQTf4cBuHb/YEpeW9CqB8Q1ET6CD45dViNy_fEbT0oKSHITpJog5BU)
Open Up Resources,"Open Up (3, 4, 5)",3 - 5 Mathematics,Approaching Quality,2023 6-12 Math_AGA Open Up.pdf (https://v5.airtableusercontent.com/v3/u/31/31/1722103200000/8T8ikO6YsI-5cQh9EzgztA/RMtemJs06EVQ5ltecJz1_URdWx4LmDdNfKe1EZ64EQX1C5nVFr9NUWDGZF06DCmV4B3iCrzvHowU6FWy-dDPF7Txgnmzcg2o8_0halDgV3iycT8IlZQREvnvUvMDcclZq9dASoqrqc2bjY18dFSpv_c221DbeIaSA4V0z9TNotM/009LRSUIGl6ZlnjqDFD1Hq1uxeoCi_P85Es7ZCcTSOc),,Open Up Resources K-5 Math Publisher Background.pdf (https://v5.airtableusercontent.com/v3/u/31/31/1722103200000/zSAaHnN0c94FQTpWJ0WSaw/pxFNnFhunrPs9umsHVzASbIwlcdRjhghH36iOokdJDwJCJ3a1KPyfIhOu4It-q3gSam-vPjWR3WBh7XSHx7ZdxeOBqpYTKSsXlr61ZrgNHVr4ZP1yGkoNEqq73ya9pHRM2Jk5Qp7prdSNtMoE8O_7e12yr7mreKJYGaedRBSEy6sqvCOcztjdFaApK-fftfl/t3pmGWf9H9poJ14JAjH5ubAAVcl-8G-FWQE14bBOciE)
Open Up Resources,"Open Up (6, 7, 8)",6 - 8 Mathematics,Not Representing Quality,2023 6-12 Math_MS Open Up.pdf (https://v5.airtableusercontent.com/v3/u/31/31/1722103200000/wGrzYTVJS1egykc782EEvw/zjfJarqNa_fMnGFgiZCrk67Z4QywSvZV_eCGn_GsqDthl3GudtuWatrF0QZaA3EhsYfnKXISKwS_pBnmJpDZUyUQMVhKQAsnAZthztpJOVfOCkCtLVfPX39weHW1_DsvKVZyaG60nzY5T9-rxMRrLJwvydNhY40Odi98FrQhxU4/E5KmWQBWM14wzPfxKKYCCc3DT7os0Ae7_qpwNgmjONo),,Open Up Resources 6-8 Math Publisher Background.pdf (https://v5.airtableusercontent.com/v3/u/31/31/1722103200000/JG35VQ1neAWjA2_lOM-Fww/UubG17SEMa_jDwcbREGb5tZVwbGH8f2CDXQCZG85Hc0BOth2m0cHT9s3lAG9MjQb9650zDGFEDmxVqBxJO3i1FlFyvvmbZscBJ_pRLI7DcYDW4srhsgKAz3sHJ2tkBMUtO59u-zoeG5jVepgx1NzBsk6UGJpZjmnZuYsgukZwQcdM5H0fwGQ72-gOX5xXCmT/4Xwvg6cXcdmB6TnBe5mlKCf9fUqa19LhVCfn_9ZtdWM)
Open Up Resources,"Open Up (Alg 1, Geom, Alg2)",HS Algebra/Geometry,Not Representing Quality,2023 6-12 Math_AGA Open Up.pdf (https://v5.airtableusercontent.com/v3/u/31/31/1722103200000/g5dnjIZnYDQA_iK8elq4IQ/bKGZPsFQfljgTiaZJ700M7Tw95ztiUYpQsfbfEdc6pRkSV0HVVe9_AajJ3ry-5INHxbwQj8Oq5wW07y8to3sOekFa_ZeFBcaiCXWvTJxxfuvbQH9wNsfSiqUjx2O0goNkxMfPZcSdrF8oOnuzolI2RWh78wUO0yxlTyxkL0BfD4/r6xcvLvS0j9hk8q9MmpzpElLQOYNm2BcXggX1L0dbrc),,Open Up High School Mathematics Publisher Background.pdf (https://v5.airtableusercontent.com/v3/u/31/31/1722103200000/roV6SeXnkN4cYRMRaV0ezQ/w6A69dkR8Y5c6I9t8en30jhF4lwPcKlliooJRIDccDfDsPGOzGqo2Yeu7z_I74Mjp2xgwk1wrJPXwZgk_w7wbtpzML9ML3S9SZqbRNP_fSWUTuDMdoA9xdRcMNGzlNGsVObDtmBT2dA7Y3IpoP_wGOh5VZL8xIV0SR1yTlhEgr7dFYRfQ8rQconKair-qPA3/4H_iUcoE3d2QBwgTq8jEH3sfWzzKBnTi4W3QdiAZLck)
Savvas Learning Company LLC,"Savvas (K, 1, 2)",PK - 2 Mathematics,Approaching Quality,2023_PK-2 Math_Savvas Rubric.pdf (https://v5.airtableusercontent.com/v3/u/31/31/1722103200000/l5wqE7fapJG5yUMIApTtgQ/392Ed70qbbzLg7hmS1ajIp_ek_pri1skIr6yTW-DxCm23wpByrKCzZW_GjfgfUP8VRp-IfHasoFmLEoVIPgfm-kfnej8R1N-EbmfO9XWYnYO3Y_qwbUq0CPg5hFvbWGnvlLzoV_oJaLjaC3flI0HCAvDHVcappEiZkrTdiv-xo4/9DxOrK1xC36qRj8EqxX-s1TTAQ0zRMmSvKnhybALiJQ),Savvas Learning Company Appendix PK-12 Mathematics.xlsx (https://v5.airtableusercontent.com/v3/u/31/31/1722103200000/hQINxAvqEU2KtB21JAz3Hw/Xf8I5Jhnc93bLwfLZN368ev_GHXE1206zgx450uKy-emfaDJTUX4iF1Kqu34vwWtL0YgwdpfFUt_lU0v5GTR2_Gj6I4tASYlIlxPwF82yDZM-rEZMrbkBlTVJULxlAaU4sjwq3ZMPGuJmktVmkmDPKsVz9A6Q91dmTizRg7ygUK-qi10YQaDDDNkFVa-2pW9/wwQTA4K5m1I0JegQdRDRTugXXfhp4R9q-VjV4YjAF5E),"Savvas_K_2_Statement 11-17-23.pdf (https://v5.airtableusercontent.com/v3/u/31/31/1722103200000/ScQZJT3E6bKT2nMyVIwAvw/9_jalQeJShwz748JnjspEwVd-0sKUuGmwa61S7ufKmdJ1fZjFL_-8fu0_ojlzKuaQmb3eqxcZ5pmSbtq6_VWz9HBiJIAX_UnLSnHQQeQtpxKaQkAem6Y86YuliRlI92VYoXr6lpoMc1rBddxenVgDujFdcLYLUe1hySPpftIH_k/1Wny-NnjKeqnhQNix7T4FzfjLMoP9Zzwf-lG-beQeRY),Savvas Oklahoma State Review Committee Appeal_enVision OK GK2+G2 OK L5.pdf (https://v5.airtableusercontent.com/v3/u/31/31/1722103200000/-gU7wnlefnI4X0l65zUcEA/-778WqRRwPnifXCiGsSY-N43eO7H3X0kiMGa6YpJnPUs03exWK3ZyEqUcFJOtNgBZ9dcpkyj3LbVMgHI_0Vos_iABcfpJToWkA3EV26JoQ1SA754Em0KuCxoF4YTFe7gllrtB1r964AlJmOB5_1jdorsKUTyGpOhqm8Kv2bm17MrF7ZMzu7xCet40cxh3cUiugaUikafDDs7LWxbom57zw/1a_PAOc_sNHlg_iL-gh4iaSi8TNJtN2n7NrPJmrxAAk)"
Savvas Learning Company LLC,"Savvas (3, 4, 5)",3 - 5 Mathematics,Exemplifies Quality,2023 3-5 Math_Savvas.pdf (https://v5.airtableusercontent.com/v3/u/31/31/1722103200000/McMptmyaSGlL14ltKPRsrA/dO7UvcNW41akHJIf48-_SRR-OHqUXCfnt7qJCNBKfCtHq6P5Pi2boxhOkNJFiBnlvRWLviVlI4gf4Dtcy5Pqr91nxx-g8hpe5FTKYHB9m9QF1kLIVT2AcmAVrcVlONBQokoMk6PWPnuucbmZ2UM_3cC2V3p8pZzzGmeOoxvE4D8/_1_lU1wrG2F7uLdKRki9jHJqBtzLjteYgbqu8M6av0k),Savvas Learning Company Appendix PK-12 Mathematics.xlsx (https://v5.airtableusercontent.com/v3/u/31/31/1722103200000/hQINxAvqEU2KtB21JAz3Hw/Xf8I5Jhnc93bLwfLZN368ev_GHXE1206zgx450uKy-emfaDJTUX4iF1Kqu34vwWtL0YgwdpfFUt_lU0v5GTR2_Gj6I4tASYlIlxPwF82yDZM-rEZMrbkBlTVJULxlAaU4sjwq3ZMPGuJmktVmkmDPKsVz9A6Q91dmTizRg7ygUK-qi10YQaDDDNkFVa-2pW9/wwQTA4K5m1I0JegQdRDRTugXXfhp4R9q-VjV4YjAF5E),
Savvas Learning Company LLC,"Savvas (6, 7, 7accel, 8, Pre-Alg)",6 - 8 Mathematics,Exemplifies Quality,2023 6-12 Math_MS Savvas.pdf (https://v5.airtableusercontent.com/v3/u/31/31/1722103200000/q7XvAepWYx19D-2GYL0wfQ/x9HJ7D5t4jcx5RJa11GxLth_bykPCtYhuidpfKzY6sdXQWYP5I0ubS-_J967cX_PRPGkmbNoRFcnRVq9NFF4HRLpWV8EsC4wOSnpZMzK8DrKQqd6UNrkaZWPl9dPbVQ_bL1sMtEdE2usiTGS-2BlpVDkdNUgJR_vIy6YrSd4z20/VjqoIuX6pU7jXTshPx9GFJxL59t45gYkItY43jJaM-Y),Savvas Learning Company Appendix PK-12 Mathematics.xlsx (https://v5.airtableusercontent.com/v3/u/31/31/1722103200000/hQINxAvqEU2KtB21JAz3Hw/Xf8I5Jhnc93bLwfLZN368ev_GHXE1206zgx450uKy-emfaDJTUX4iF1Kqu34vwWtL0YgwdpfFUt_lU0v5GTR2_Gj6I4tASYlIlxPwF82yDZM-rEZMrbkBlTVJULxlAaU4sjwq3ZMPGuJmktVmkmDPKsVz9A6Q91dmTizRg7ygUK-qi10YQaDDDNkFVa-2pW9/wwQTA4K5m1I0JegQdRDRTugXXfhp4R9q-VjV4YjAF5E),
Savvas Learning Company LLC,"Savvas (Alg1, Geom, Alg2, Thnk math, BegAlg, Beg/Int Alg)",HS Algebra/Geometry,Exemplifies Quality,2023 6-12 Math_AGA Savvas.pdf (https://v5.airtableusercontent.com/v3/u/31/31/1722103200000/Cd7odWU8YQ9_LcYy_x_B4w/QeaBxhDNAzeiWjaDm-QZ1GBuL1bEq6RsSjRN_gQLrScV1QwE7LtDTEn0mQLRl7h0fvh8FFDz4_wj7AWQpRx0k7Ib_CmlgaNc7I7S2VfhExzaSkHpTqCfPtNQV0a9XP3Og6MFJfa_1YZtiGXP7-vgMQtTZBUTPmzqnieYyIphJYw/yRQduMX6iaDxzX1Y0-Be-C5-hcCuc1QVmR-0AofSQ4A),Savvas Learning Company Appendix PK-12 Mathematics.xlsx (https://v5.airtableusercontent.com/v3/u/31/31/1722103200000/hQINxAvqEU2KtB21JAz3Hw/Xf8I5Jhnc93bLwfLZN368ev_GHXE1206zgx450uKy-emfaDJTUX4iF1Kqu34vwWtL0YgwdpfFUt_lU0v5GTR2_Gj6I4tASYlIlxPwF82yDZM-rEZMrbkBlTVJULxlAaU4sjwq3ZMPGuJmktVmkmDPKsVz9A6Q91dmTizRg7ygUK-qi10YQaDDDNkFVa-2pW9/wwQTA4K5m1I0JegQdRDRTugXXfhp4R9q-VjV4YjAF5E),
Savvas Learning Company LLC,"Savvas (Elem Stats 8E, Stats Model 6E, Stats World 3E)",HS Calculus,Exemplifies Quality,2023 6-12 Math_Calculus_Savvas.pdf (https://v5.airtableusercontent.com/v3/u/31/31/1722103200000/5A06_WNGcm62-xZpVNmq6A/Lp3iG9efN-aUwSYV8cX_c6zUSQuOSn50pozW0ueEXCiH-NeyOfdz9NjxKJZryy9zLpiVfS2B0PETLT0V0WM3y6fIdCI-j-HW_ygjB6g9BNd4EvJ3hhS0Z1TuFnO2QYu6JmCdyYrhKSAeUhWdvCY76A33CltpFDZimpg5H5zUf-g/nLJtBvzYOQfqnTVNJf6QBro9rf2RPc9tNiGS6rCIZwE),Savvas Learning Company Appendix PK-12 Mathematics.xlsx (https://v5.airtableusercontent.com/v3/u/31/31/1722103200000/hQINxAvqEU2KtB21JAz3Hw/Xf8I5Jhnc93bLwfLZN368ev_GHXE1206zgx450uKy-emfaDJTUX4iF1Kqu34vwWtL0YgwdpfFUt_lU0v5GTR2_Gj6I4tASYlIlxPwF82yDZM-rEZMrbkBlTVJULxlAaU4sjwq3ZMPGuJmktVmkmDPKsVz9A6Q91dmTizRg7ygUK-qi10YQaDDDNkFVa-2pW9/wwQTA4K5m1I0JegQdRDRTugXXfhp4R9q-VjV4YjAF5E),
Savvas Learning Company LLC,"Savvas (Elem Stats 8E, Stats Model 6E, Stats World 3E)",HS Statistics,Approaching Quality,2023 6-12 Math_Statistics_Savvas.pdf (https://v5.airtableusercontent.com/v3/u/31/31/1722103200000/TcCO3doaUVx24HBKOaCiXg/G7igqlkTLuf5OCFkj4xCqNCoNg86GFOmcy6D1xKGVcNWfPxfD44J2iPG1dfsHirnbjydW0sdg3y8ztrLliznbBzSAYSJlUdoQYMipPbfogl4hmN2K01JIZ8z39Od4ixUrZ2t2tDnH31Z6VndtGuGzX6-LOuI2vmSWKpTTuaRiEg/UucVD6om0B0GA6n5WBO2quVexuRWQuyySnemypqyOzY),Savvas Learning Company Appendix PK-12 Mathematics.xlsx (https://v5.airtableusercontent.com/v3/u/31/31/1722103200000/hQINxAvqEU2KtB21JAz3Hw/Xf8I5Jhnc93bLwfLZN368ev_GHXE1206zgx450uKy-emfaDJTUX4iF1Kqu34vwWtL0YgwdpfFUt_lU0v5GTR2_Gj6I4tASYlIlxPwF82yDZM-rEZMrbkBlTVJULxlAaU4sjwq3ZMPGuJmktVmkmDPKsVz9A6Q91dmTizRg7ygUK-qi10YQaDDDNkFVa-2pW9/wwQTA4K5m1I0JegQdRDRTugXXfhp4R9q-VjV4YjAF5E),
Savvas Learning Company LLC,Savvas (Trigonometry),HS Trigonometry,Approaching Quality,2023 6-12 Math_Trig_Savvas.pdf (https://v5.airtableusercontent.com/v3/u/31/31/1722103200000/mH4dqJg-MUcWn_DUe7PB6A/2ZxsEouSA8IHSj_ieZ_eec8Y8GEICgo2qnbLWpCMlV7J1NKNnpDiU2qE1NpWNFlbkF5MC6X1dv-oBnf_DELBN9q0wtkmeuvUw1KtpXe3tnIn4RR6VT-Cp5BYlIp67uOwudwp4pJ90dMxwigDv5Xul8cmAzrwMbAwo8afpQ6yRSE/-zjGNljnEI9ZQykWm-18FRH3pklRKjrAHFE_L7DsUCg),Savvas Learning Company Appendix PK-12 Mathematics.xlsx (https://v5.airtableusercontent.com/v3/u/31/31/1722103200000/hQINxAvqEU2KtB21JAz3Hw/Xf8I5Jhnc93bLwfLZN368ev_GHXE1206zgx450uKy-emfaDJTUX4iF1Kqu34vwWtL0YgwdpfFUt_lU0v5GTR2_Gj6I4tASYlIlxPwF82yDZM-rEZMrbkBlTVJULxlAaU4sjwq3ZMPGuJmktVmkmDPKsVz9A6Q91dmTizRg7ygUK-qi10YQaDDDNkFVa-2pW9/wwQTA4K5m1I0JegQdRDRTugXXfhp4R9q-VjV4YjAF5E),